timestep_time;vehicle_angle;vehicle_id;vehicle_lane;vehicle_pos;vehicle_slope;vehicle_speed;vehicle_type;vehicle_x;vehicle_y
0.00;;;;;;;;;
1.00;195.16;veh2;40336328#1_0;5.10;0.00;0.00;veh_passenger;541.51;1022.49
2.00;195.16;veh2;40336328#1_0;7.02;0.00;1.92;veh_passenger;541.00;1020.64
3.00;195.16;veh2;40336328#1_0;10.66;0.00;3.64;veh_passenger;540.05;1017.12
4.00;195.16;veh2;40336328#1_0;16.30;0.00;5.64;veh_passenger;538.58;1011.67
5.00;195.16;veh2;40336328#1_0;24.39;0.00;8.09;veh_passenger;536.46;1003.87
6.00;195.16;veh2;40336328#1_0;34.67;0.00;10.28;veh_passenger;533.77;993.94
7.00;195.16;veh2;40336328#1_0;45.73;0.00;11.06;veh_passenger;530.88;983.27
8.00;195.16;veh2;40336328#1_0;57.18;0.00;11.44;veh_passenger;527.89;972.22
9.00;195.16;veh2;40336328#1_0;68.24;0.00;11.06;veh_passenger;525.00;961.55
10.00;195.16;veh2;40336328#1_0;79.94;0.00;11.70;veh_passenger;521.94;950.25
11.00;195.16;veh2;40336328#1_0;90.85;0.00;10.91;veh_passenger;519.09;939.72
12.00;195.16;veh2;40336328#1_0;102.12;0.00;11.27;veh_passenger;516.14;928.84
13.00;195.16;veh2;40336328#1_0;111.31;0.00;9.19;veh_passenger;513.74;919.98
14.00;195.16;veh2;40336328#1_0;116.12;0.00;4.81;veh_passenger;512.48;915.33
15.00;188.71;veh2;:308478976_1_0;3.39;0.00;6.22;veh_passenger;511.41;909.24
16.00;144.95;veh2;:308478976_1_0;12.12;0.00;8.74;veh_passenger;515.22;901.60
17.00;132.36;veh2;451200196#0_0;8.48;0.00;10.07;veh_passenger;522.56;894.70
18.00;132.36;veh2;451200196#0_0;19.15;0.00;10.66;veh_passenger;530.44;887.52
19.00;132.36;veh2;451200196#0_0;30.48;0.00;11.33;veh_passenger;538.81;879.88
20.00;132.36;veh2;451200196#0_0;42.21;0.00;11.73;veh_passenger;547.48;871.98
21.00;132.36;veh2;451200196#0_0;53.51;0.00;11.30;veh_passenger;555.83;864.37
22.00;132.36;veh2;451200196#0_0;64.02;0.00;10.51;veh_passenger;563.60;857.29
23.00;132.36;veh2;451200196#0_0;75.24;0.00;11.22;veh_passenger;571.89;849.73
24.00;132.36;veh2;451200196#0_0;86.41;0.00;11.17;veh_passenger;580.14;842.20
25.00;132.36;veh2;451200196#0_0;96.27;0.00;9.86;veh_passenger;587.43;835.56
26.00;132.36;veh2;451200196#0_0;102.51;0.00;6.24;veh_passenger;592.04;831.35
27.00;119.71;veh2;:308478977_3_0;3.86;0.00;5.85;veh_passenger;596.92;828.35
28.00;54.88;veh2;451200193#2_0;0.80;0.00;5.98;veh_passenger;601.86;831.14
29.00;40.03;veh2;451200193#2_0;8.21;0.00;7.41;veh_passenger;606.63;836.82
30.00;40.03;veh2;451200193#2_0;17.38;0.00;9.17;veh_passenger;612.53;843.84
31.00;40.03;veh2;451200193#2_0;29.12;0.00;11.74;veh_passenger;620.08;852.83
32.00;40.03;veh2;451200193#2_0;40.77;0.00;11.65;veh_passenger;627.57;861.75
33.00;40.03;veh2;451200193#2_0;51.56;0.00;10.78;veh_passenger;634.51;870.01
34.00;40.03;veh2;451200193#2_0;62.21;0.00;10.65;veh_passenger;641.36;878.16
35.00;40.03;veh2;451200193#2_0;73.09;0.00;10.89;veh_passenger;648.36;886.50
36.00;40.03;veh2;451200193#2_0;84.75;0.00;11.66;veh_passenger;655.86;895.43
37.00;40.03;veh2;451200193#2_0;95.80;0.00;11.05;veh_passenger;662.96;903.89
38.00;40.03;veh2;451200193#2_0;106.93;0.00;11.14;veh_passenger;670.12;912.41
39.00;40.03;veh2;451200193#2_0;117.85;0.00;10.92;veh_passenger;677.15;920.77
40.00;40.03;veh2;451200193#2_0;128.34;0.00;10.49;veh_passenger;683.89;928.80
41.00;40.03;veh2;451200193#2_0;139.46;0.00;11.12;veh_passenger;691.04;937.32
42.00;40.03;veh2;451200193#2_0;150.32;0.00;10.86;veh_passenger;698.03;945.63
43.00;45.62;veh2;:232913614_2_0;2.74;0.00;6.36;veh_passenger;702.45;950.14
44.00;105.92;veh2;:232913614_2_0;8.67;0.00;5.93;veh_passenger;707.88;949.14
45.00;132.18;veh2;23129542#0_1;5.58;0.00;5.94;veh_passenger;714.45;947.57
46.00;132.18;veh2;23129542#0_1;13.82;0.00;8.25;veh_passenger;720.56;942.04
47.00;140.87;veh2;23129542#0_1;24.35;0.00;10.53;veh_passenger;727.63;934.26
48.00;140.66;veh2;23129542#0_1;36.63;0.00;12.28;veh_passenger;735.39;924.75
49.00;140.39;veh2;23129542#0_1;47.55;0.00;10.91;veh_passenger;742.35;916.34
50.00;133.03;veh2;23129542#0_1;55.25;0.00;7.71;veh_passenger;747.76;910.86
51.00;133.03;veh2;23129542#0_1;58.77;0.00;3.52;veh_passenger;750.33;908.46
52.00;133.03;veh2;23129542#0_1;59.02;0.00;0.25;veh_passenger;750.51;908.28
53.00;133.03;veh2;23129542#0_1;59.04;0.00;0.02;veh_passenger;750.53;908.27
54.00;133.03;veh2;23129542#0_1;59.05;0.00;0.01;veh_passenger;750.53;908.27
55.00;133.03;veh2;23129542#0_1;59.05;0.00;0.00;veh_passenger;750.53;908.27
56.00;133.03;veh2;23129542#0_1;59.05;0.00;0.00;veh_passenger;750.53;908.27
57.00;133.03;veh2;23129542#0_1;59.05;0.00;0.00;veh_passenger;750.53;908.27
58.00;133.03;veh2;23129542#0_1;59.05;0.00;0.00;veh_passenger;750.53;908.27
59.00;133.03;veh2;23129542#0_1;59.05;0.00;0.00;veh_passenger;750.53;908.27
60.00;133.03;veh2;23129542#0_1;59.05;0.00;0.00;veh_passenger;750.53;908.27
61.00;133.03;veh2;23129542#0_1;59.05;0.00;0.00;veh_passenger;750.53;908.27
62.00;133.03;veh2;23129542#0_1;59.05;0.00;0.00;veh_passenger;750.53;908.27
63.00;133.03;veh2;23129542#0_1;59.05;0.00;0.00;veh_passenger;750.53;908.27
64.00;133.03;veh2;23129542#0_1;59.05;0.00;0.00;veh_passenger;750.53;908.27
65.00;133.03;veh2;23129542#0_1;59.05;0.00;0.00;veh_passenger;750.53;908.27
66.00;133.03;veh2;23129542#0_1;59.05;0.00;0.00;veh_passenger;750.53;908.27
67.00;133.03;veh2;23129542#0_1;59.05;0.00;0.00;veh_passenger;750.53;908.27
68.00;133.03;veh2;23129542#0_1;59.05;0.00;0.00;veh_passenger;750.53;908.27
69.00;133.03;veh2;23129542#0_1;59.05;0.00;0.00;veh_passenger;750.53;908.27
70.00;133.03;veh2;23129542#0_1;59.05;0.00;0.00;veh_passenger;750.53;908.27
71.00;133.03;veh2;23129542#0_1;59.05;0.00;0.00;veh_passenger;750.53;908.27
72.00;133.03;veh2;23129542#0_1;59.05;0.00;0.00;veh_passenger;750.53;908.27
73.00;133.03;veh2;23129542#0_1;59.05;0.00;0.00;veh_passenger;750.53;908.27
74.00;133.03;veh2;23129542#0_1;59.05;0.00;0.00;veh_passenger;750.53;908.27
75.00;133.03;veh2;23129542#0_1;59.05;0.00;0.00;veh_passenger;750.53;908.27
76.00;133.03;veh2;23129542#0_1;59.05;0.00;0.00;veh_passenger;750.53;908.27
77.00;133.03;veh2;23129542#0_1;59.05;0.00;0.00;veh_passenger;750.53;908.27
78.00;133.03;veh2;23129542#0_1;59.05;0.00;0.00;veh_passenger;750.53;908.27
79.00;133.03;veh2;23129542#0_1;59.05;0.00;0.00;veh_passenger;750.53;908.27
80.00;133.03;veh2;23129542#0_1;59.05;0.00;0.00;veh_passenger;750.53;908.27
81.00;133.03;veh2;23129542#0_1;59.05;0.00;0.00;veh_passenger;750.53;908.27
82.00;133.03;veh2;23129542#0_1;59.05;0.00;0.00;veh_passenger;750.53;908.27
83.00;133.03;veh2;23129542#0_1;59.05;0.00;0.00;veh_passenger;750.53;908.27
84.00;133.03;veh2;23129542#0_1;59.05;0.00;0.00;veh_passenger;750.53;908.27
85.00;133.03;veh2;23129542#0_1;59.05;0.00;0.00;veh_passenger;750.53;908.27
86.00;133.03;veh2;23129542#0_1;59.05;0.00;0.00;veh_passenger;750.53;908.27
87.00;133.03;veh2;23129542#0_1;59.05;0.00;0.00;veh_passenger;750.53;908.27
88.00;133.03;veh2;23129542#0_1;59.05;0.00;0.00;veh_passenger;750.53;908.27
89.00;133.03;veh2;23129542#0_1;59.05;0.00;0.00;veh_passenger;750.53;908.27
90.00;133.03;veh2;23129542#0_1;59.05;0.00;0.00;veh_passenger;750.53;908.27
91.00;133.03;veh2;23129542#0_1;59.05;0.00;0.00;veh_passenger;750.53;908.27
92.00;133.03;veh2;23129542#0_1;59.05;0.00;0.00;veh_passenger;750.53;908.27
93.00;133.03;veh2;23129542#0_1;59.05;0.00;0.00;veh_passenger;750.53;908.27
94.00;133.03;veh2;23129542#0_1;59.05;0.00;0.00;veh_passenger;750.53;908.27
95.00;133.03;veh2;23129542#0_1;59.05;0.00;0.00;veh_passenger;750.53;908.27
96.00;133.03;veh2;23129542#0_1;59.05;0.00;0.00;veh_passenger;750.53;908.27
97.00;133.03;veh2;23129542#0_1;59.05;0.00;0.00;veh_passenger;750.53;908.27
98.00;133.03;veh2;23129542#0_1;59.05;0.00;0.00;veh_passenger;750.53;908.27
99.00;133.03;veh2;23129542#0_1;59.05;0.00;0.00;veh_passenger;750.53;908.27
100.00;133.03;veh2;23129542#0_1;59.05;0.00;0.00;veh_passenger;750.53;908.27
101.00;131.82;veh2;:cluster_199799887_5339766260_10_1;1.37;0.00;2.37;veh_passenger;752.33;906.73
102.00;129.55;veh2;:cluster_199799887_5339766260_10_1;5.58;0.00;4.21;veh_passenger;755.58;904.05
103.00;134.88;veh2;:cluster_199799887_5339766260_10_1;12.35;0.00;6.77;veh_passenger;760.41;899.33
104.00;132.64;veh2;:cluster_199799887_5339766260_10_1;21.08;0.00;8.73;veh_passenger;766.70;893.31
105.00;130.90;veh2;21630401_2;9.85;0.00;10.89;veh_passenger;777.00;888.57
106.00;130.90;veh2;21630401_2;20.85;0.00;11.01;veh_passenger;785.32;881.37
107.00;130.90;veh2;21630401_2;32.24;0.00;11.39;veh_passenger;793.92;873.91
108.00;130.90;veh2;21630401_2;43.50;0.00;11.26;veh_passenger;802.43;866.54
109.00;130.90;veh2;21630401_2;51.63;0.00;8.14;veh_passenger;808.58;861.21
110.00;130.90;veh2;21630401_2;55.51;0.00;3.88;veh_passenger;811.51;858.67
111.00;130.90;veh2;21630401_2;55.77;0.00;0.26;veh_passenger;811.70;858.51
112.00;130.90;veh2;21630401_2;55.90;0.00;0.13;veh_passenger;811.80;858.42
113.00;130.90;veh2;21630401_2;55.94;0.00;0.04;veh_passenger;811.83;858.40
114.00;130.90;veh2;21630401_2;55.97;0.00;0.03;veh_passenger;811.85;858.38
115.00;130.90;veh2;21630401_2;55.97;0.00;0.00;veh_passenger;811.85;858.38
116.00;130.90;veh2;21630401_2;55.97;0.00;0.00;veh_passenger;811.85;858.38
117.00;130.90;veh2;21630401_2;55.97;0.00;0.00;veh_passenger;811.85;858.38
118.00;130.90;veh2;21630401_2;55.97;0.00;0.00;veh_passenger;811.85;858.38
119.00;130.90;veh2;21630401_2;55.97;0.00;0.00;veh_passenger;811.85;858.38
120.00;130.90;veh2;21630401_2;55.97;0.00;0.00;veh_passenger;811.85;858.38
121.00;130.90;veh2;21630401_2;55.97;0.00;0.00;veh_passenger;811.85;858.38
122.00;130.90;veh2;21630401_2;55.97;0.00;0.00;veh_passenger;811.85;858.38
123.00;130.90;veh2;21630401_2;55.97;0.00;0.00;veh_passenger;811.85;858.38
124.00;130.90;veh2;21630401_2;55.97;0.00;0.00;veh_passenger;811.85;858.38
125.00;130.90;veh2;21630401_2;55.97;0.00;0.00;veh_passenger;811.85;858.38
126.00;130.90;veh2;21630401_2;57.23;0.00;1.26;veh_passenger;812.81;857.55
127.00;130.90;veh2;21630401_2;60.23;0.00;3.00;veh_passenger;815.08;855.58
128.00;126.50;veh2;:cluster_232931730_244998283_15_0;0.93;0.00;5.16;veh_passenger;819.17;852.54
129.00;77.39;veh2;:cluster_232931730_244998283_15_0;7.98;0.00;7.05;veh_passenger;825.87;853.01
130.00;67.38;veh2;:cluster_232931730_244998283_15_0;10.53;0.00;2.55;veh_passenger;828.14;854.12
131.00;66.33;veh2;:cluster_232931730_244998283_15_0;10.85;0.00;0.33;veh_passenger;828.40;854.31
132.00;65.85;veh2;:cluster_232931730_244998283_15_0;11.00;0.00;0.15;veh_passenger;828.52;854.39
133.00;65.59;veh2;:cluster_232931730_244998283_15_0;11.08;0.00;0.08;veh_passenger;828.59;854.44
134.00;65.46;veh2;:cluster_232931730_244998283_15_0;11.12;0.00;0.04;veh_passenger;828.62;854.46
135.00;65.41;veh2;:cluster_232931730_244998283_15_0;11.14;0.00;0.01;veh_passenger;828.63;854.47
136.00;65.41;veh2;:cluster_232931730_244998283_15_0;11.14;0.00;0.00;veh_passenger;828.64;854.47
137.00;65.40;veh2;:cluster_232931730_244998283_15_0;11.14;0.00;0.00;veh_passenger;828.64;854.47
138.00;65.40;veh2;:cluster_232931730_244998283_15_0;11.14;0.00;0.00;veh_passenger;828.64;854.47
139.00;65.40;veh2;:cluster_232931730_244998283_15_0;11.14;0.00;0.00;veh_passenger;828.64;854.47
140.00;65.40;veh2;:cluster_232931730_244998283_15_0;11.14;0.00;0.00;veh_passenger;828.64;854.47
141.00;65.40;veh2;:cluster_232931730_244998283_15_0;11.14;0.00;0.00;veh_passenger;828.64;854.47
142.00;65.40;veh2;:cluster_232931730_244998283_15_0;11.14;0.00;0.00;veh_passenger;828.64;854.47
143.00;65.40;veh2;:cluster_232931730_244998283_15_0;11.14;0.00;0.00;veh_passenger;828.64;854.47
144.00;65.40;veh2;:cluster_232931730_244998283_15_0;11.14;0.00;0.00;veh_passenger;828.64;854.47
145.00;65.40;veh2;:cluster_232931730_244998283_15_0;11.14;0.00;0.00;veh_passenger;828.64;854.47
146.00;65.40;veh2;:cluster_232931730_244998283_15_0;11.14;0.00;0.00;veh_passenger;828.64;854.47
147.00;58.16;veh2;:cluster_232931730_244998283_18_0;2.12;0.00;2.22;veh_passenger;830.45;855.76
148.00;54.63;veh2;:cluster_232931730_244998283_18_0;5.72;0.00;3.60;veh_passenger;833.38;857.84
149.00;46.80;veh2;:cluster_232931730_244998283_18_0;11.90;0.00;6.18;veh_passenger;837.95;862.00
150.00;45.26;veh2;93248643#0_1;3.00;0.00;8.76;veh_passenger;844.25;868.10
151.00;44.24;veh2;93248643#0_0;14.25;0.00;11.25;veh_passenger;854.34;873.87
152.00;44.24;veh2;93248643#0_0;25.15;0.00;10.90;veh_passenger;861.91;881.65
153.00;44.24;veh2;93248643#0_0;36.22;0.00;11.07;veh_passenger;869.60;889.54
154.00;48.21;veh2;93248643#0_0;47.43;0.00;11.21;veh_passenger;877.62;897.29
155.00;59.18;veh2;93248643#0_0;58.50;0.00;11.08;veh_passenger;886.69;903.48
156.00;59.18;veh2;93248643#0_0;69.02;0.00;10.51;veh_passenger;895.68;908.84
157.00;59.18;veh2;93248643#0_0;80.21;0.00;11.19;veh_passenger;905.25;914.55
158.00;59.18;veh2;93248643#0_0;91.89;0.00;11.69;veh_passenger;915.24;920.51
159.00;59.55;veh2;:249734579_1_0;8.68;0.00;10.66;veh_passenger;924.46;925.94
160.00;58.18;veh2;93248643#1_0;2.10;0.00;11.36;veh_passenger;934.24;931.83
161.00;56.30;veh2;93248643#1_0;10.51;0.00;8.40;veh_passenger;941.29;936.53
162.00;56.30;veh2;93248643#1_0;15.99;0.00;5.49;veh_passenger;945.89;939.60
163.00;56.30;veh2;93248643#1_0;19.61;0.00;3.62;veh_passenger;948.93;941.63
164.00;56.30;veh2;93248643#1_0;19.82;0.00;0.21;veh_passenger;949.11;941.75
165.00;56.30;veh2;93248643#1_0;19.99;0.00;0.17;veh_passenger;949.25;941.84
166.00;56.30;veh2;93248643#1_0;20.04;0.00;0.05;veh_passenger;949.29;941.87
167.00;56.30;veh2;93248643#1_0;20.06;0.00;0.02;veh_passenger;949.31;941.88
168.00;56.30;veh2;93248643#1_0;20.07;0.00;0.01;veh_passenger;949.32;941.89
169.00;56.30;veh2;93248643#1_0;20.07;0.00;0.00;veh_passenger;949.32;941.89
170.00;56.30;veh2;93248643#1_0;20.07;0.00;0.00;veh_passenger;949.32;941.89
171.00;56.30;veh2;93248643#1_0;20.07;0.00;0.00;veh_passenger;949.32;941.89
172.00;56.30;veh2;93248643#1_0;20.07;0.00;0.00;veh_passenger;949.32;941.89
173.00;56.30;veh2;93248643#1_0;20.09;0.00;0.02;veh_passenger;949.34;941.90
174.00;56.30;veh2;93248643#1_0;20.20;0.00;0.11;veh_passenger;949.43;941.96
175.00;56.30;veh2;93248643#1_0;20.38;0.00;0.18;veh_passenger;949.58;942.06
176.00;56.30;veh2;93248643#1_0;21.23;0.00;0.85;veh_passenger;950.29;942.54
177.00;56.30;veh2;93248643#1_0;22.52;0.00;1.29;veh_passenger;951.38;943.26
178.00;56.30;veh2;93248643#1_0;25.50;0.00;2.98;veh_passenger;953.88;944.93
179.00;56.30;veh2;93248643#1_0;27.99;0.00;2.49;veh_passenger;955.97;946.32
180.00;56.30;veh2;93248643#1_0;32.08;0.00;4.09;veh_passenger;959.40;948.61
181.00;56.30;veh2;93248643#1_0;37.16;0.00;5.09;veh_passenger;963.67;951.46
182.00;56.30;veh2;93248643#1_0;42.56;0.00;5.40;veh_passenger;968.20;954.48
183.00;56.30;veh2;93248643#1_0;47.21;0.00;4.65;veh_passenger;972.10;957.08
184.00;56.30;veh2;93248643#1_0;51.45;0.00;4.24;veh_passenger;975.66;959.46
185.00;56.30;veh2;93248643#1_0;56.54;0.00;5.09;veh_passenger;979.94;962.31
186.00;56.16;veh2;93248643#1_0;61.01;0.00;4.47;veh_passenger;983.68;964.82
187.00;44.44;veh2;93248643#1_0;66.41;0.00;5.40;veh_passenger;987.49;968.71
188.00;44.44;veh2;93248643#1_0;72.33;0.00;5.92;veh_passenger;991.67;972.97
189.00;44.44;veh2;93248643#1_0;77.03;0.00;4.70;veh_passenger;995.00;976.36
190.00;34.15;veh2;93248643#1_0;83.01;0.00;5.98;veh_passenger;998.45;981.30
191.00;34.15;veh2;93248643#1_0;89.05;0.00;6.04;veh_passenger;1001.87;986.34
192.00;33.26;veh2;93248643#1_0;95.56;0.00;6.51;veh_passenger;1005.49;991.82
193.00;23.44;veh2;93248643#1_0;102.08;0.00;6.52;veh_passenger;1008.10;997.85
194.00;23.44;veh2;93248643#1_0;109.20;0.00;7.13;veh_passenger;1010.97;1004.45
195.00;23.44;veh2;93248643#1_0;116.68;0.00;7.47;veh_passenger;1013.96;1011.37
196.00;23.44;veh2;93248643#1_0;123.44;0.00;6.76;veh_passenger;1016.68;1017.62
197.00;16.28;veh2;93248643#1_0;130.54;0.00;7.10;veh_passenger;1018.93;1024.39
198.00;11.64;veh2;93248643#1_0;138.15;0.00;7.62;veh_passenger;1020.48;1031.92
199.00;11.82;veh2;:cluster_1836874896_4586161737_5_0;8.36;0.00;9.40;veh_passenger;1022.40;1041.12
200.00;13.73;veh2;:cluster_1836874896_4586161737_5_0;20.08;0.00;11.72;veh_passenger;1025.05;1052.54
201.00;20.88;veh2;221651080#0_0;1.19;0.00;11.15;veh_passenger;1028.49;1063.12
202.00;21.97;veh2;221651080#0_0;12.69;0.00;11.50;veh_passenger;1033.19;1073.61
203.00;21.28;veh2;221651080#0_0;24.35;0.00;11.66;veh_passenger;1037.42;1084.47
204.00;21.28;veh2;221651080#0_0;35.75;0.00;11.40;veh_passenger;1041.56;1095.09
205.00;28.92;veh2;221651080#0_0;47.50;0.00;11.76;veh_passenger;1046.85;1105.56
206.00;28.92;veh2;221651080#0_0;58.82;0.00;11.32;veh_passenger;1052.33;1115.47
207.00;38.17;veh2;221651080#0_0;67.95;0.00;9.14;veh_passenger;1057.89;1122.70
208.00;38.17;veh2;221651080#0_0;72.85;0.00;4.90;veh_passenger;1060.92;1126.55
209.00;39.81;veh2;:2306840817_3_0;6.39;0.00;7.46;veh_passenger;1065.67;1132.29
210.00;40.45;veh2;221651080#1_0;2.34;0.00;9.16;veh_passenger;1071.57;1139.29
211.00;41.18;veh2;221651080#1_0;13.56;0.00;11.23;veh_passenger;1078.96;1147.74
212.00;41.18;veh2;221651080#1_0;23.98;0.00;10.41;veh_passenger;1085.82;1155.58
213.00;41.18;veh2;221651080#1_0;30.21;0.00;6.23;veh_passenger;1089.92;1160.27
214.00;41.18;veh2;221651080#1_0;33.74;0.00;3.53;veh_passenger;1092.25;1162.93
215.00;41.18;veh2;221651080#1_0;34.10;0.00;0.36;veh_passenger;1092.49;1163.20
216.00;41.18;veh2;221651080#1_0;34.21;0.00;0.11;veh_passenger;1092.56;1163.28
217.00;41.18;veh2;221651080#1_0;34.24;0.00;0.03;veh_passenger;1092.58;1163.31
218.00;41.18;veh2;221651080#1_0;34.25;0.00;0.01;veh_passenger;1092.58;1163.31
219.00;41.18;veh2;221651080#1_0;34.25;0.00;0.00;veh_passenger;1092.58;1163.31
220.00;41.18;veh2;221651080#1_0;34.25;0.00;0.00;veh_passenger;1092.58;1163.31
221.00;41.18;veh2;221651080#1_0;34.25;0.00;0.00;veh_passenger;1092.58;1163.31
222.00;41.18;veh2;221651080#1_0;34.25;0.00;0.00;veh_passenger;1092.58;1163.31
223.00;41.18;veh2;221651080#1_0;34.25;0.00;0.00;veh_passenger;1092.58;1163.31
224.00;41.18;veh2;221651080#1_0;34.25;0.00;0.00;veh_passenger;1092.58;1163.31
225.00;41.18;veh2;221651080#1_0;34.25;0.00;0.00;veh_passenger;1092.58;1163.31
226.00;41.18;veh2;221651080#1_0;34.25;0.00;0.00;veh_passenger;1092.58;1163.31
227.00;41.18;veh2;221651080#1_0;34.25;0.00;0.00;veh_passenger;1092.58;1163.31
228.00;41.18;veh2;221651080#1_0;34.25;0.00;0.00;veh_passenger;1092.58;1163.31
229.00;41.18;veh2;221651080#1_0;34.25;0.00;0.00;veh_passenger;1092.58;1163.31
230.00;41.18;veh2;221651080#1_0;34.25;0.00;0.00;veh_passenger;1092.58;1163.31
231.00;41.18;veh2;221651080#1_0;34.25;0.00;0.00;veh_passenger;1092.58;1163.31
232.00;41.18;veh2;221651080#1_0;34.25;0.00;0.00;veh_passenger;1092.58;1163.31
233.00;41.18;veh2;221651080#1_0;34.25;0.00;0.00;veh_passenger;1092.58;1163.31
234.00;41.18;veh2;221651080#1_0;34.25;0.00;0.00;veh_passenger;1092.58;1163.31
235.00;41.18;veh2;221651080#1_0;34.25;0.00;0.00;veh_passenger;1092.58;1163.31
236.00;41.18;veh2;221651080#1_0;34.25;0.00;0.00;veh_passenger;1092.58;1163.31
237.00;41.18;veh2;221651080#1_0;34.25;0.00;0.00;veh_passenger;1092.58;1163.31
238.00;41.18;veh2;221651080#1_0;34.25;0.00;0.00;veh_passenger;1092.58;1163.31
239.00;41.18;veh2;221651080#1_0;36.01;0.00;1.76;veh_passenger;1093.74;1164.64
240.00;41.18;veh2;221651080#1_0;39.96;0.00;3.95;veh_passenger;1096.34;1167.61
241.00;41.18;veh2;221651080#1_0;46.32;0.00;6.36;veh_passenger;1100.54;1172.40
242.00;42.00;veh2;:218308998_4_0;7.69;0.00;8.82;veh_passenger;1106.42;1178.96
243.00;42.55;veh2;93248659#0_0;3.31;0.00;10.08;veh_passenger;1113.20;1186.42
244.00;42.84;veh2;93248659#0_0;11.26;0.00;7.95;veh_passenger;1118.61;1192.25
245.00;42.84;veh2;93248659#0_0;18.23;0.00;6.97;veh_passenger;1123.34;1197.35
246.00;42.84;veh2;93248659#0_0;24.56;0.00;6.33;veh_passenger;1127.64;1202.00
247.00;42.84;veh2;93248659#0_0;30.40;0.00;5.85;veh_passenger;1131.62;1206.28
248.00;42.84;veh2;93248659#0_0;36.60;0.00;6.20;veh_passenger;1135.84;1210.83
249.00;42.84;veh2;93248659#0_0;40.95;0.00;4.35;veh_passenger;1138.79;1214.02
250.00;42.84;veh2;93248659#0_0;45.67;0.00;4.72;veh_passenger;1142.00;1217.48
251.00;42.84;veh2;93248659#0_0;50.95;0.00;5.28;veh_passenger;1145.59;1221.35
252.00;42.84;veh2;93248659#0_0;56.37;0.00;5.41;veh_passenger;1149.27;1225.32
253.00;42.84;veh2;93248659#0_0;62.55;0.00;6.18;veh_passenger;1153.48;1229.86
254.00;42.84;veh2;93248659#0_0;67.04;0.00;4.49;veh_passenger;1156.53;1233.15
255.00;42.84;veh2;93248659#0_0;71.88;0.00;4.84;veh_passenger;1159.82;1236.70
256.00;42.84;veh2;93248659#0_0;78.85;0.00;6.96;veh_passenger;1164.56;1241.81
257.00;42.84;veh2;93248659#0_0;82.92;0.00;4.07;veh_passenger;1167.32;1244.79
258.00;42.84;veh2;93248659#0_0;88.00;0.00;5.08;veh_passenger;1170.78;1248.51
259.00;42.84;veh2;93248659#0_0;93.60;0.00;5.61;veh_passenger;1174.59;1252.63
260.00;42.84;veh2;93248659#0_0;98.43;0.00;4.83;veh_passenger;1177.87;1256.17
261.00;42.84;veh2;93248659#0_0;104.38;0.00;5.95;veh_passenger;1181.92;1260.53
262.00;40.41;veh2;:232749397_5_0;2.34;0.00;5.67;veh_passenger;1185.61;1264.82
263.00;1.80;veh2;:232749397_5_0;9.87;0.00;7.53;veh_passenger;1187.06;1271.70
264.00;312.60;veh2;-21619598#0_0;4.89;0.00;6.73;veh_passenger;1182.39;1276.50
265.00;312.32;veh2;-21619598#0_0;13.52;0.00;8.63;veh_passenger;1176.01;1282.31
266.00;312.32;veh2;-21619598#0_0;24.59;0.00;11.07;veh_passenger;1167.83;1289.77
267.00;312.32;veh2;-21619598#0_0;34.67;0.00;10.08;veh_passenger;1160.38;1296.55
268.00;312.32;veh2;-21619598#0_0;45.89;0.00;11.23;veh_passenger;1152.08;1304.11
269.00;312.32;veh2;-21619598#0_0;57.36;0.00;11.46;veh_passenger;1143.60;1311.83
270.00;;;;;;;;;
271.00;;;;;;;;;
272.00;;;;;;;;;
273.00;;;;;;;;;
274.00;;;;;;;;;
275.00;;;;;;;;;
276.00;;;;;;;;;
277.00;;;;;;;;;
278.00;;;;;;;;;
279.00;;;;;;;;;
280.00;;;;;;;;;
281.00;;;;;;;;;
282.00;;;;;;;;;
283.00;;;;;;;;;
284.00;;;;;;;;;
285.00;;;;;;;;;
286.00;;;;;;;;;
287.00;;;;;;;;;
288.00;;;;;;;;;
289.00;;;;;;;;;
290.00;;;;;;;;;
291.00;;;;;;;;;
292.00;;;;;;;;;
293.00;;;;;;;;;
294.00;;;;;;;;;
295.00;;;;;;;;;
296.00;;;;;;;;;
297.00;;;;;;;;;
298.00;;;;;;;;;
299.00;;;;;;;;;
300.00;;;;;;;;;
301.00;;;;;;;;;
302.00;;;;;;;;;
303.00;;;;;;;;;
304.00;;;;;;;;;
305.00;;;;;;;;;
306.00;;;;;;;;;
307.00;;;;;;;;;
308.00;;;;;;;;;
309.00;;;;;;;;;
310.00;;;;;;;;;
311.00;;;;;;;;;
312.00;;;;;;;;;
313.00;;;;;;;;;
314.00;;;;;;;;;
315.00;;;;;;;;;
316.00;;;;;;;;;
317.00;;;;;;;;;
318.00;;;;;;;;;
319.00;;;;;;;;;
320.00;;;;;;;;;
321.00;;;;;;;;;
322.00;;;;;;;;;
323.00;;;;;;;;;
324.00;;;;;;;;;
325.00;;;;;;;;;
326.00;;;;;;;;;
327.00;;;;;;;;;
328.00;;;;;;;;;
329.00;;;;;;;;;
330.00;;;;;;;;;
331.00;;;;;;;;;
332.00;;;;;;;;;
333.00;;;;;;;;;
334.00;;;;;;;;;
335.00;;;;;;;;;
336.00;;;;;;;;;
337.00;;;;;;;;;
338.00;;;;;;;;;
339.00;;;;;;;;;
340.00;;;;;;;;;
341.00;;;;;;;;;
342.00;;;;;;;;;
343.00;;;;;;;;;
344.00;;;;;;;;;
345.00;;;;;;;;;
346.00;;;;;;;;;
347.00;;;;;;;;;
348.00;;;;;;;;;
349.00;;;;;;;;;
350.00;;;;;;;;;
351.00;;;;;;;;;
352.00;;;;;;;;;
353.00;;;;;;;;;
354.00;;;;;;;;;
355.00;;;;;;;;;
356.00;;;;;;;;;
357.00;;;;;;;;;
358.00;;;;;;;;;
359.00;;;;;;;;;
360.00;;;;;;;;;
361.00;;;;;;;;;
362.00;;;;;;;;;
363.00;;;;;;;;;
364.00;;;;;;;;;
365.00;;;;;;;;;
366.00;;;;;;;;;
367.00;;;;;;;;;
368.00;;;;;;;;;
369.00;;;;;;;;;
370.00;;;;;;;;;
371.00;;;;;;;;;
372.00;;;;;;;;;
373.00;;;;;;;;;
374.00;;;;;;;;;
375.00;;;;;;;;;
376.00;;;;;;;;;
377.00;;;;;;;;;
378.00;;;;;;;;;
379.00;;;;;;;;;
380.00;;;;;;;;;
381.00;;;;;;;;;
382.00;;;;;;;;;
383.00;;;;;;;;;
384.00;;;;;;;;;
385.00;;;;;;;;;
386.00;;;;;;;;;
387.00;;;;;;;;;
388.00;;;;;;;;;
389.00;;;;;;;;;
390.00;;;;;;;;;
391.00;;;;;;;;;
392.00;;;;;;;;;
393.00;;;;;;;;;
394.00;;;;;;;;;
395.00;;;;;;;;;
396.00;;;;;;;;;
397.00;;;;;;;;;
398.00;;;;;;;;;
399.00;;;;;;;;;
400.00;;;;;;;;;
401.00;;;;;;;;;
402.00;;;;;;;;;
403.00;;;;;;;;;
404.00;;;;;;;;;
405.00;;;;;;;;;
406.00;;;;;;;;;
407.00;;;;;;;;;
408.00;;;;;;;;;
409.00;;;;;;;;;
410.00;;;;;;;;;
411.00;;;;;;;;;
412.00;;;;;;;;;
413.00;;;;;;;;;
414.00;;;;;;;;;
415.00;;;;;;;;;
416.00;;;;;;;;;
417.00;;;;;;;;;
418.00;;;;;;;;;
419.00;;;;;;;;;
420.00;;;;;;;;;
421.00;;;;;;;;;
422.00;;;;;;;;;
423.00;;;;;;;;;
424.00;;;;;;;;;
425.00;;;;;;;;;
426.00;;;;;;;;;
427.00;;;;;;;;;
428.00;;;;;;;;;
429.00;;;;;;;;;
430.00;;;;;;;;;
431.00;;;;;;;;;
432.00;;;;;;;;;
433.00;;;;;;;;;
434.00;;;;;;;;;
435.00;;;;;;;;;
436.00;;;;;;;;;
437.00;;;;;;;;;
438.00;;;;;;;;;
439.00;;;;;;;;;
440.00;;;;;;;;;
441.00;;;;;;;;;
442.00;;;;;;;;;
443.00;;;;;;;;;
444.00;;;;;;;;;
445.00;;;;;;;;;
446.00;;;;;;;;;
447.00;;;;;;;;;
448.00;;;;;;;;;
449.00;;;;;;;;;
450.00;;;;;;;;;
451.00;;;;;;;;;
452.00;;;;;;;;;
453.00;;;;;;;;;
454.00;;;;;;;;;
455.00;;;;;;;;;
456.00;;;;;;;;;
457.00;;;;;;;;;
458.00;;;;;;;;;
459.00;;;;;;;;;
460.00;;;;;;;;;
461.00;;;;;;;;;
462.00;;;;;;;;;
463.00;;;;;;;;;
464.00;;;;;;;;;
465.00;;;;;;;;;
466.00;;;;;;;;;
467.00;;;;;;;;;
468.00;;;;;;;;;
469.00;;;;;;;;;
470.00;;;;;;;;;
471.00;;;;;;;;;
472.00;;;;;;;;;
473.00;;;;;;;;;
474.00;;;;;;;;;
475.00;;;;;;;;;
476.00;;;;;;;;;
477.00;;;;;;;;;
478.00;;;;;;;;;
479.00;;;;;;;;;
480.00;;;;;;;;;
481.00;;;;;;;;;
482.00;;;;;;;;;
483.00;;;;;;;;;
484.00;;;;;;;;;
485.00;;;;;;;;;
486.00;;;;;;;;;
487.00;;;;;;;;;
488.00;;;;;;;;;
489.00;;;;;;;;;
490.00;;;;;;;;;
491.00;;;;;;;;;
492.00;;;;;;;;;
493.00;;;;;;;;;
494.00;;;;;;;;;
495.00;;;;;;;;;
496.00;;;;;;;;;
497.00;;;;;;;;;
498.00;;;;;;;;;
499.00;;;;;;;;;
500.00;;;;;;;;;
501.00;;;;;;;;;
502.00;;;;;;;;;
503.00;;;;;;;;;
504.00;;;;;;;;;
505.00;;;;;;;;;
506.00;;;;;;;;;
507.00;;;;;;;;;
508.00;;;;;;;;;
509.00;;;;;;;;;
510.00;;;;;;;;;
511.00;;;;;;;;;
512.00;;;;;;;;;
513.00;;;;;;;;;
514.00;;;;;;;;;
515.00;;;;;;;;;
516.00;;;;;;;;;
517.00;;;;;;;;;
518.00;;;;;;;;;
519.00;;;;;;;;;
520.00;;;;;;;;;
521.00;;;;;;;;;
522.00;;;;;;;;;
523.00;;;;;;;;;
524.00;;;;;;;;;
525.00;;;;;;;;;
526.00;;;;;;;;;
527.00;;;;;;;;;
528.00;;;;;;;;;
529.00;;;;;;;;;
530.00;;;;;;;;;
531.00;;;;;;;;;
532.00;;;;;;;;;
533.00;;;;;;;;;
534.00;;;;;;;;;
535.00;;;;;;;;;
536.00;;;;;;;;;
537.00;;;;;;;;;
538.00;;;;;;;;;
539.00;;;;;;;;;
540.00;;;;;;;;;
541.00;;;;;;;;;
542.00;;;;;;;;;
543.00;;;;;;;;;
544.00;;;;;;;;;
545.00;;;;;;;;;
546.00;;;;;;;;;
547.00;;;;;;;;;
548.00;;;;;;;;;
549.00;;;;;;;;;
550.00;;;;;;;;;
551.00;;;;;;;;;
552.00;;;;;;;;;
553.00;;;;;;;;;
554.00;;;;;;;;;
555.00;;;;;;;;;
556.00;;;;;;;;;
557.00;;;;;;;;;
558.00;;;;;;;;;
559.00;;;;;;;;;
560.00;;;;;;;;;
561.00;;;;;;;;;
562.00;;;;;;;;;
563.00;;;;;;;;;
564.00;;;;;;;;;
565.00;;;;;;;;;
566.00;;;;;;;;;
567.00;;;;;;;;;
568.00;;;;;;;;;
569.00;;;;;;;;;
570.00;;;;;;;;;
571.00;;;;;;;;;
572.00;;;;;;;;;
573.00;;;;;;;;;
574.00;;;;;;;;;
575.00;;;;;;;;;
576.00;;;;;;;;;
577.00;;;;;;;;;
578.00;;;;;;;;;
579.00;;;;;;;;;
580.00;;;;;;;;;
581.00;;;;;;;;;
582.00;;;;;;;;;
583.00;;;;;;;;;
584.00;;;;;;;;;
585.00;;;;;;;;;
586.00;;;;;;;;;
587.00;;;;;;;;;
588.00;;;;;;;;;
589.00;;;;;;;;;
590.00;;;;;;;;;
591.00;;;;;;;;;
592.00;;;;;;;;;
593.00;;;;;;;;;
594.00;;;;;;;;;
595.00;;;;;;;;;
596.00;;;;;;;;;
597.00;;;;;;;;;
598.00;;;;;;;;;
599.00;;;;;;;;;
600.00;;;;;;;;;
601.00;;;;;;;;;
602.00;;;;;;;;;
603.00;;;;;;;;;
604.00;;;;;;;;;
605.00;;;;;;;;;
606.00;;;;;;;;;
607.00;;;;;;;;;
608.00;;;;;;;;;
609.00;;;;;;;;;
610.00;;;;;;;;;
611.00;;;;;;;;;
612.00;;;;;;;;;
613.00;;;;;;;;;
614.00;;;;;;;;;
615.00;;;;;;;;;
616.00;;;;;;;;;
617.00;;;;;;;;;
618.00;;;;;;;;;
619.00;;;;;;;;;
620.00;;;;;;;;;
621.00;;;;;;;;;
622.00;;;;;;;;;
623.00;;;;;;;;;
624.00;;;;;;;;;
625.00;;;;;;;;;
626.00;;;;;;;;;
627.00;;;;;;;;;
628.00;;;;;;;;;
629.00;;;;;;;;;
630.00;;;;;;;;;
631.00;;;;;;;;;
632.00;;;;;;;;;
633.00;;;;;;;;;
634.00;;;;;;;;;
635.00;;;;;;;;;
636.00;;;;;;;;;
637.00;;;;;;;;;
638.00;;;;;;;;;
639.00;;;;;;;;;
640.00;;;;;;;;;
641.00;;;;;;;;;
642.00;;;;;;;;;
643.00;;;;;;;;;
644.00;;;;;;;;;
645.00;;;;;;;;;
646.00;;;;;;;;;
647.00;;;;;;;;;
648.00;;;;;;;;;
649.00;;;;;;;;;
650.00;;;;;;;;;
651.00;;;;;;;;;
652.00;;;;;;;;;
653.00;;;;;;;;;
654.00;;;;;;;;;
655.00;;;;;;;;;
656.00;;;;;;;;;
657.00;;;;;;;;;
658.00;;;;;;;;;
659.00;;;;;;;;;
660.00;;;;;;;;;
661.00;;;;;;;;;
662.00;;;;;;;;;
663.00;;;;;;;;;
664.00;;;;;;;;;
665.00;;;;;;;;;
666.00;;;;;;;;;
667.00;;;;;;;;;
668.00;;;;;;;;;
669.00;;;;;;;;;
670.00;;;;;;;;;
671.00;;;;;;;;;
672.00;;;;;;;;;
673.00;;;;;;;;;
674.00;;;;;;;;;
675.00;;;;;;;;;
676.00;;;;;;;;;
677.00;;;;;;;;;
678.00;;;;;;;;;
679.00;;;;;;;;;
680.00;;;;;;;;;
681.00;;;;;;;;;
682.00;;;;;;;;;
683.00;;;;;;;;;
684.00;;;;;;;;;
685.00;;;;;;;;;
686.00;;;;;;;;;
687.00;;;;;;;;;
688.00;;;;;;;;;
689.00;;;;;;;;;
690.00;;;;;;;;;
691.00;;;;;;;;;
692.00;;;;;;;;;
693.00;;;;;;;;;
694.00;;;;;;;;;
695.00;;;;;;;;;
696.00;;;;;;;;;
697.00;;;;;;;;;
698.00;;;;;;;;;
699.00;;;;;;;;;
700.00;;;;;;;;;
701.00;;;;;;;;;
702.00;;;;;;;;;
703.00;;;;;;;;;
704.00;;;;;;;;;
705.00;;;;;;;;;
706.00;;;;;;;;;
707.00;;;;;;;;;
708.00;;;;;;;;;
709.00;;;;;;;;;
710.00;;;;;;;;;
711.00;;;;;;;;;
712.00;;;;;;;;;
713.00;;;;;;;;;
714.00;;;;;;;;;
715.00;;;;;;;;;
716.00;;;;;;;;;
717.00;;;;;;;;;
718.00;;;;;;;;;
719.00;;;;;;;;;
720.00;;;;;;;;;
721.00;;;;;;;;;
722.00;;;;;;;;;
723.00;;;;;;;;;
724.00;;;;;;;;;
725.00;;;;;;;;;
726.00;;;;;;;;;
727.00;;;;;;;;;
728.00;;;;;;;;;
729.00;;;;;;;;;
730.00;;;;;;;;;
731.00;;;;;;;;;
732.00;;;;;;;;;
733.00;;;;;;;;;
734.00;;;;;;;;;
735.00;;;;;;;;;
736.00;;;;;;;;;
737.00;;;;;;;;;
738.00;;;;;;;;;
739.00;;;;;;;;;
740.00;;;;;;;;;
741.00;;;;;;;;;
742.00;;;;;;;;;
743.00;;;;;;;;;
744.00;;;;;;;;;
745.00;;;;;;;;;
746.00;;;;;;;;;
747.00;;;;;;;;;
748.00;;;;;;;;;
749.00;;;;;;;;;
750.00;;;;;;;;;
751.00;;;;;;;;;
752.00;;;;;;;;;
753.00;;;;;;;;;
754.00;;;;;;;;;
755.00;;;;;;;;;
756.00;;;;;;;;;
757.00;;;;;;;;;
758.00;;;;;;;;;
759.00;;;;;;;;;
760.00;;;;;;;;;
761.00;;;;;;;;;
762.00;;;;;;;;;
763.00;;;;;;;;;
764.00;;;;;;;;;
765.00;;;;;;;;;
766.00;;;;;;;;;
767.00;;;;;;;;;
768.00;;;;;;;;;
769.00;;;;;;;;;
770.00;;;;;;;;;
771.00;;;;;;;;;
772.00;;;;;;;;;
773.00;;;;;;;;;
774.00;;;;;;;;;
775.00;;;;;;;;;
776.00;;;;;;;;;
777.00;;;;;;;;;
778.00;;;;;;;;;
779.00;;;;;;;;;
780.00;;;;;;;;;
781.00;;;;;;;;;
782.00;;;;;;;;;
783.00;;;;;;;;;
784.00;;;;;;;;;
785.00;;;;;;;;;
786.00;;;;;;;;;
787.00;;;;;;;;;
788.00;;;;;;;;;
789.00;;;;;;;;;
790.00;;;;;;;;;
791.00;;;;;;;;;
792.00;;;;;;;;;
793.00;;;;;;;;;
794.00;;;;;;;;;
795.00;;;;;;;;;
796.00;;;;;;;;;
797.00;;;;;;;;;
798.00;;;;;;;;;
799.00;;;;;;;;;
800.00;;;;;;;;;
801.00;;;;;;;;;
802.00;;;;;;;;;
803.00;;;;;;;;;
804.00;;;;;;;;;
805.00;;;;;;;;;
806.00;;;;;;;;;
807.00;;;;;;;;;
808.00;;;;;;;;;
809.00;;;;;;;;;
810.00;;;;;;;;;
811.00;;;;;;;;;
812.00;;;;;;;;;
813.00;;;;;;;;;
814.00;;;;;;;;;
815.00;;;;;;;;;
816.00;;;;;;;;;
817.00;;;;;;;;;
818.00;;;;;;;;;
819.00;;;;;;;;;
820.00;;;;;;;;;
821.00;;;;;;;;;
822.00;;;;;;;;;
823.00;;;;;;;;;
824.00;;;;;;;;;
825.00;;;;;;;;;
826.00;;;;;;;;;
827.00;;;;;;;;;
828.00;;;;;;;;;
829.00;;;;;;;;;
830.00;;;;;;;;;
831.00;;;;;;;;;
832.00;;;;;;;;;
833.00;;;;;;;;;
834.00;;;;;;;;;
835.00;;;;;;;;;
836.00;;;;;;;;;
837.00;;;;;;;;;
838.00;;;;;;;;;
839.00;;;;;;;;;
840.00;;;;;;;;;
841.00;;;;;;;;;
842.00;;;;;;;;;
843.00;;;;;;;;;
844.00;;;;;;;;;
845.00;;;;;;;;;
846.00;;;;;;;;;
847.00;;;;;;;;;
848.00;;;;;;;;;
849.00;;;;;;;;;
850.00;;;;;;;;;
851.00;;;;;;;;;
852.00;;;;;;;;;
853.00;;;;;;;;;
854.00;;;;;;;;;
855.00;;;;;;;;;
856.00;;;;;;;;;
857.00;;;;;;;;;
858.00;;;;;;;;;
859.00;;;;;;;;;
860.00;;;;;;;;;
861.00;;;;;;;;;
862.00;;;;;;;;;
863.00;;;;;;;;;
864.00;;;;;;;;;
865.00;;;;;;;;;
866.00;;;;;;;;;
867.00;;;;;;;;;
868.00;;;;;;;;;
869.00;;;;;;;;;
870.00;;;;;;;;;
871.00;;;;;;;;;
872.00;;;;;;;;;
873.00;;;;;;;;;
874.00;;;;;;;;;
875.00;;;;;;;;;
876.00;;;;;;;;;
877.00;;;;;;;;;
878.00;;;;;;;;;
879.00;;;;;;;;;
880.00;;;;;;;;;
881.00;;;;;;;;;
882.00;;;;;;;;;
883.00;;;;;;;;;
884.00;;;;;;;;;
885.00;;;;;;;;;
886.00;;;;;;;;;
887.00;;;;;;;;;
888.00;;;;;;;;;
889.00;;;;;;;;;
890.00;;;;;;;;;
891.00;;;;;;;;;
892.00;;;;;;;;;
893.00;;;;;;;;;
894.00;;;;;;;;;
895.00;;;;;;;;;
896.00;;;;;;;;;
897.00;;;;;;;;;
898.00;;;;;;;;;
899.00;;;;;;;;;
900.00;;;;;;;;;
901.00;;;;;;;;;
902.00;;;;;;;;;
903.00;;;;;;;;;
904.00;;;;;;;;;
905.00;;;;;;;;;
906.00;;;;;;;;;
907.00;;;;;;;;;
908.00;;;;;;;;;
909.00;;;;;;;;;
910.00;;;;;;;;;
911.00;;;;;;;;;
912.00;;;;;;;;;
913.00;;;;;;;;;
914.00;;;;;;;;;
915.00;;;;;;;;;
916.00;;;;;;;;;
917.00;;;;;;;;;
918.00;;;;;;;;;
919.00;;;;;;;;;
920.00;;;;;;;;;
921.00;;;;;;;;;
922.00;;;;;;;;;
923.00;;;;;;;;;
924.00;;;;;;;;;
925.00;;;;;;;;;
926.00;;;;;;;;;
927.00;;;;;;;;;
928.00;;;;;;;;;
929.00;;;;;;;;;
930.00;;;;;;;;;
931.00;;;;;;;;;
932.00;;;;;;;;;
933.00;;;;;;;;;
934.00;;;;;;;;;
935.00;;;;;;;;;
936.00;;;;;;;;;
937.00;;;;;;;;;
938.00;;;;;;;;;
939.00;;;;;;;;;
940.00;;;;;;;;;
941.00;;;;;;;;;
942.00;;;;;;;;;
943.00;;;;;;;;;
944.00;;;;;;;;;
945.00;;;;;;;;;
946.00;;;;;;;;;
947.00;;;;;;;;;
948.00;;;;;;;;;
949.00;;;;;;;;;
950.00;;;;;;;;;
951.00;;;;;;;;;
952.00;;;;;;;;;
953.00;;;;;;;;;
954.00;;;;;;;;;
955.00;;;;;;;;;
956.00;;;;;;;;;
957.00;;;;;;;;;
958.00;;;;;;;;;
959.00;;;;;;;;;
960.00;;;;;;;;;
961.00;;;;;;;;;
962.00;;;;;;;;;
963.00;;;;;;;;;
964.00;;;;;;;;;
965.00;;;;;;;;;
966.00;;;;;;;;;
967.00;;;;;;;;;
968.00;;;;;;;;;
969.00;;;;;;;;;
970.00;;;;;;;;;
971.00;;;;;;;;;
972.00;;;;;;;;;
973.00;;;;;;;;;
974.00;;;;;;;;;
975.00;;;;;;;;;
976.00;;;;;;;;;
977.00;;;;;;;;;
978.00;;;;;;;;;
979.00;;;;;;;;;
980.00;;;;;;;;;
981.00;;;;;;;;;
982.00;;;;;;;;;
983.00;;;;;;;;;
984.00;;;;;;;;;
985.00;;;;;;;;;
986.00;;;;;;;;;
987.00;;;;;;;;;
988.00;;;;;;;;;
989.00;;;;;;;;;
990.00;;;;;;;;;
991.00;;;;;;;;;
992.00;;;;;;;;;
993.00;;;;;;;;;
994.00;;;;;;;;;
995.00;;;;;;;;;
996.00;;;;;;;;;
997.00;;;;;;;;;
998.00;;;;;;;;;
999.00;;;;;;;;;
1000.00;;;;;;;;;
1001.00;;;;;;;;;
1002.00;;;;;;;;;
1003.00;;;;;;;;;
1004.00;;;;;;;;;
1005.00;;;;;;;;;
1006.00;;;;;;;;;
1007.00;;;;;;;;;
1008.00;;;;;;;;;
1009.00;;;;;;;;;
1010.00;;;;;;;;;
1011.00;;;;;;;;;
1012.00;;;;;;;;;
1013.00;;;;;;;;;
1014.00;;;;;;;;;
1015.00;;;;;;;;;
1016.00;;;;;;;;;
1017.00;;;;;;;;;
1018.00;;;;;;;;;
1019.00;;;;;;;;;
1020.00;;;;;;;;;
1021.00;;;;;;;;;
1022.00;;;;;;;;;
1023.00;;;;;;;;;
1024.00;;;;;;;;;
1025.00;;;;;;;;;
1026.00;;;;;;;;;
1027.00;;;;;;;;;
1028.00;;;;;;;;;
1029.00;;;;;;;;;
1030.00;;;;;;;;;
1031.00;;;;;;;;;
1032.00;;;;;;;;;
1033.00;;;;;;;;;
1034.00;;;;;;;;;
1035.00;;;;;;;;;
1036.00;;;;;;;;;
1037.00;;;;;;;;;
1038.00;;;;;;;;;
1039.00;;;;;;;;;
1040.00;;;;;;;;;
1041.00;;;;;;;;;
1042.00;;;;;;;;;
1043.00;;;;;;;;;
1044.00;;;;;;;;;
1045.00;;;;;;;;;
1046.00;;;;;;;;;
1047.00;;;;;;;;;
1048.00;;;;;;;;;
1049.00;;;;;;;;;
1050.00;;;;;;;;;
1051.00;;;;;;;;;
1052.00;;;;;;;;;
1053.00;;;;;;;;;
1054.00;;;;;;;;;
1055.00;;;;;;;;;
1056.00;;;;;;;;;
1057.00;;;;;;;;;
1058.00;;;;;;;;;
1059.00;;;;;;;;;
1060.00;;;;;;;;;
1061.00;;;;;;;;;
1062.00;;;;;;;;;
1063.00;;;;;;;;;
1064.00;;;;;;;;;
1065.00;;;;;;;;;
1066.00;;;;;;;;;
1067.00;;;;;;;;;
1068.00;;;;;;;;;
1069.00;;;;;;;;;
1070.00;;;;;;;;;
1071.00;;;;;;;;;
1072.00;;;;;;;;;
1073.00;;;;;;;;;
